loan_id,customer_id,loan_amount,outstanding_balance,interest_rate,risk_grade
L0001,C0103,25000,15139.77,11.2,A
L0002,C0436,10000,1762.97,14.92,C
L0003,C0349,50000,9147.14,13.21,D
L0004,C0271,50000,6946.31,13.95,B
L0005,C0107,10000,5648.12,11.73,A
L0006,C0072,150000,66128.52,13.5,B
L0007,C0189,10000,5384.26,9.78,A
L0008,C0021,25000,12921.46,11.61,C
L0009,C0103,10000,3801.62,15.18,E
L0010,C0122,50000,32098.94,16.83,C
L0011,C0467,10000,7068.02,11.14,D
L0012,C0215,150000,16755.39,6.07,A
L0013,C0331,100000,26579.38,7.6,C
L0014,C0459,10000,6705.89,5.77,C
L0015,C0088,150000,61394.42,13.99,A
L0016,C0373,150000,94498.07,9.82,D
L0017,C0100,50000,18878.51,12.55,A
L0018,C0360,150000,61890.62,11.91,B
L0019,C0152,150000,34041.46,6.56,C
L0020,C0131,150000,45987.72,10.74,B
L0021,C0150,150000,87649.41,8.37,A
L0022,C0309,25000,11163.26,10.94,B
L0023,C0258,25000,17986.05,8.15,B
L0024,C0344,50000,39103.4,16.43,D
L0025,C0492,10000,5333.17,7.76,B
L0026,C0414,150000,105992.08,17.99,A
L0027,C0294,10000,3455.24,10.91,C
L0028,C0386,10000,4319.77,16.5,B
L0029,C0192,50000,33511.11,13.67,B
L0030,C0444,150000,61345.44,15.06,B
L0031,C0277,150000,85620.59,15.48,D
L0032,C0161,100000,24829.82,12.06,B
L0033,C0460,10000,5798.17,12.56,B
L0034,C0314,10000,7892.11,12.18,A
L0035,C0022,25000,19872.79,13.14,A
L0036,C0253,100000,67947.55,5.88,A
L0037,C0236,25000,17415.07,10.64,A
L0038,C0345,25000,13658.55,13.38,B
L0039,C0049,25000,14193.36,13.27,C
L0040,C0475,50000,10346.02,15.81,B
L0041,C0059,50000,22754.37,14.02,C
L0042,C0170,25000,11515.53,18.4,E
L0043,C0476,100000,86679.83,9.19,C
L0044,C0188,10000,4448.69,10.17,B
L0045,C0464,100000,53947.41,10.49,B
L0046,C0271,150000,78990.17,11.56,B
L0047,C0190,50000,30470.47,16.37,A
L0048,C0446,10000,6985.86,8.57,A
L0049,C0175,10000,2800.34,15.59,D
L0050,C0446,150000,78446.93,10.77,C
L0051,C0051,150000,114110.12,13.32,A
L0052,C0364,25000,11762.29,13.72,B
L0053,C0055,50000,16138.3,10.35,C
L0054,C0244,50000,31188.36,12.16,A
L0055,C0320,100000,75901.39,10.87,A
L0056,C0131,25000,3762.81,6.4,D
L0057,C0485,25000,18035.81,11.18,B
L0058,C0307,25000,18932.96,6.77,A
L0059,C0135,25000,11730.46,10.77,B
L0060,C0021,50000,44332.23,13.21,D
L0061,C0329,50000,36468.33,13.03,B
L0062,C0167,25000,17973.25,14.11,A
L0063,C0274,100000,69827.09,6.74,A
L0064,C0388,10000,2204.86,13.98,B
L0065,C0089,10000,2737.85,9.56,B
L0066,C0316,100000,47119.21,10.69,C
L0067,C0014,25000,7780.09,16.65,A
L0068,C0242,50000,21609.64,5.62,D
L0069,C0265,10000,8107.71,13.15,A
L0070,C0346,150000,113919.23,13.28,A
L0071,C0053,150000,90604.79,10.66,A
L0072,C0386,100000,78649.63,8.58,A
L0073,C0340,25000,18175.45,8.55,B
L0074,C0092,10000,4431.88,16.99,B
L0075,C0367,25000,6521.3,11.25,A
L0076,C0444,10000,5113.61,9.8,B
L0077,C0455,100000,68898.31,11.33,A
L0078,C0428,100000,44913.57,14.2,C
L0079,C0264,150000,95012.63,7.39,D
L0080,C0431,25000,4386.55,11.34,A
L0081,C0035,150000,104760.57,13.14,B
L0082,C0206,25000,18754.27,17.83,A
L0083,C0081,150000,99820.54,8.78,A
L0084,C0420,50000,43690.54,10.17,A
L0085,C0050,50000,38066.08,10.43,C
L0086,C0360,50000,41123.75,13.37,B
L0087,C0388,50000,42342.84,10.14,A
L0088,C0002,10000,7410.78,12.44,C
L0089,C0390,50000,31970.35,15.66,B
L0090,C0054,100000,10457.49,14.67,C
L0091,C0106,100000,47266.06,11.3,B
L0092,C0260,10000,5569.3,16.73,B
L0093,C0310,50000,17161.21,12.76,A
L0094,C0477,50000,17724.18,12.52,A
L0095,C0191,50000,43446.38,5.94,E
L0096,C0402,150000,122005.3,18.33,A
L0097,C0218,25000,19483.58,7.1,E
L0098,C0044,150000,63721.42,8.5,B
L0099,C0162,25000,2773.97,6.17,A
L0100,C0202,50000,8208.89,13.82,A
L0101,C0446,50000,17487.85,8.42,A
L0102,C0484,150000,16889.15,7.84,D
L0103,C0270,150000,17057.97,6.65,B
L0104,C0351,25000,20832.07,6.84,A
L0105,C0304,100000,66492.68,13.1,A
L0106,C0271,25000,8679.12,14.45,A
L0107,C0456,150000,30917.35,10.67,B
L0108,C0462,150000,76396.29,11.74,A
L0109,C0215,10000,1042.77,14.42,C
L0110,C0252,150000,127609.65,5.73,A
L0111,C0190,10000,4318.52,9.7,A
L0112,C0296,100000,42186.8,18.15,B
L0113,C0213,25000,10311.87,13.04,B
L0114,C0208,25000,3886.57,8.8,E
L0115,C0237,10000,6106.58,12.28,B
L0116,C0338,25000,17160.07,9.95,A
L0117,C0367,150000,96135.05,12.42,B
L0118,C0053,50000,10537.42,7.13,A
L0119,C0280,10000,5630.72,7.23,A
L0120,C0410,25000,13889.69,7.37,E
L0121,C0217,10000,7947.29,17.72,C
L0122,C0252,10000,4033.02,15.03,E
L0123,C0188,50000,19859.44,7.61,B
L0124,C0380,150000,89223.25,7.95,B
L0125,C0493,10000,6064.58,15.0,A
L0126,C0041,25000,11885.7,7.53,A
L0127,C0157,100000,45444.75,8.55,C
L0128,C0015,10000,4953.18,18.02,A
L0129,C0301,10000,7888.36,8.82,C
L0130,C0065,50000,23446.68,14.1,C
L0131,C0345,150000,127791.82,18.22,A
L0132,C0327,100000,50320.3,10.37,B
L0133,C0009,25000,21484.01,5.73,B
L0134,C0344,100000,76626.55,8.67,A
L0135,C0129,25000,9748.63,16.3,C
L0136,C0492,150000,118636.97,16.74,B
L0137,C0136,25000,4701.27,15.49,A
L0138,C0472,50000,42001.89,6.97,B
L0139,C0063,50000,30265.74,15.84,E
L0140,C0139,50000,7175.63,17.44,A
L0141,C0499,50000,30770.27,13.31,C
L0142,C0081,100000,87939.81,17.73,A
L0143,C0392,150000,23376.08,16.25,C
L0144,C0163,25000,13593.75,14.17,C
L0145,C0419,25000,17455.89,13.0,A
L0146,C0289,50000,37410.34,10.03,A
L0147,C0379,50000,21553.1,7.57,C
L0148,C0261,10000,2633.33,13.36,B
L0149,C0490,150000,20081.07,9.64,C
L0150,C0231,100000,56378.09,16.76,A
L0151,C0041,25000,11558.22,18.41,D
L0152,C0028,10000,8589.96,15.28,C
L0153,C0135,10000,1484.84,6.68,D
L0154,C0201,25000,16207.91,9.25,A
L0155,C0328,100000,11997.3,6.92,B
L0156,C0268,10000,2371.47,13.96,B
L0157,C0418,10000,4628.63,15.45,A
L0158,C0033,150000,69584.69,17.53,B
L0159,C0048,100000,64856.04,11.2,A
L0160,C0407,10000,8281.7,17.22,C
L0161,C0062,100000,61122.57,16.91,B
L0162,C0216,25000,21570.7,9.62,A
L0163,C0293,50000,40264.63,16.8,B
L0164,C0099,10000,5676.0,10.38,B
L0165,C0172,150000,115055.03,9.36,A
L0166,C0360,25000,15351.55,13.94,E
L0167,C0214,100000,16284.63,9.77,D
L0168,C0475,25000,17311.29,13.69,B
L0169,C0035,10000,1759.27,13.43,A
L0170,C0449,100000,57526.62,12.82,C
L0171,C0227,50000,33105.61,10.45,B
L0172,C0101,25000,3830.55,12.63,A
L0173,C0431,10000,2846.36,13.25,B
L0174,C0462,150000,124880.67,12.59,B
L0175,C0131,100000,59305.16,11.28,B
L0176,C0257,25000,7425.72,5.69,B
L0177,C0005,25000,16313.6,13.13,B
L0178,C0218,50000,28871.06,7.69,D
L0179,C0255,50000,25063.03,13.85,A
L0180,C0398,150000,132142.44,15.37,C
L0181,C0359,150000,97014.45,12.01,D
L0182,C0283,10000,4003.53,12.55,B
L0183,C0393,10000,7400.59,17.87,B
L0184,C0207,150000,121150.0,16.51,B
L0185,C0015,150000,30026.47,17.39,B
L0186,C0346,100000,26044.24,16.08,C
L0187,C0042,50000,13649.08,6.92,B
L0188,C0380,10000,6529.69,7.44,E
L0189,C0461,50000,29121.58,12.35,A
L0190,C0179,50000,29759.66,8.7,A
L0191,C0063,150000,127892.8,11.7,B
L0192,C0352,100000,72072.92,10.63,A
L0193,C0231,25000,5058.74,12.64,A
L0194,C0241,100000,37800.57,15.21,A
L0195,C0052,100000,44831.49,14.8,A
L0196,C0096,50000,20838.46,12.28,A
L0197,C0388,100000,63544.69,16.19,E
L0198,C0222,10000,8135.14,11.1,A
L0199,C0485,50000,17242.06,17.16,C
L0200,C0407,10000,5415.02,6.43,C
L0201,C0231,25000,18288.19,17.91,D
L0202,C0237,50000,21648.72,14.01,A
L0203,C0143,25000,5862.36,10.44,D
L0204,C0171,50000,23998.04,8.06,B
L0205,C0029,150000,21626.7,11.73,B
L0206,C0036,100000,85390.68,8.03,B
L0207,C0013,150000,23978.54,7.66,C
L0208,C0160,25000,11269.13,13.53,A
L0209,C0327,100000,52390.5,12.3,C
L0210,C0187,50000,44412.15,14.21,B
L0211,C0243,100000,23281.75,17.58,C
L0212,C0086,10000,1915.45,12.42,E
L0213,C0284,100000,10696.49,13.05,A
L0214,C0066,10000,2244.57,6.67,E
L0215,C0170,100000,26581.84,14.83,A
L0216,C0045,10000,6044.65,10.7,A
L0217,C0062,25000,6894.14,18.2,A
L0218,C0441,150000,17462.5,16.2,A
L0219,C0134,50000,38064.73,12.29,B
L0220,C0284,100000,39247.66,7.1,A
L0221,C0028,150000,57443.6,16.67,A
L0222,C0108,50000,17099.16,15.9,D
L0223,C0044,50000,44014.93,7.9,C
L0224,C0340,10000,2360.92,9.34,C
L0225,C0286,25000,20464.76,15.81,D
L0226,C0446,25000,18036.07,7.91,C
L0227,C0331,150000,24177.59,17.43,A
L0228,C0128,25000,22234.58,11.02,A
L0229,C0348,100000,31709.28,6.63,C
L0230,C0473,25000,4471.66,16.1,A
L0231,C0231,150000,114517.71,10.36,B
L0232,C0190,25000,16633.51,12.34,A
L0233,C0225,100000,59377.5,6.96,A
L0234,C0385,10000,2247.85,5.53,B
L0235,C0377,150000,72419.53,13.79,B
L0236,C0283,10000,7244.45,12.2,B
L0237,C0446,10000,3428.99,13.22,B
L0238,C0121,10000,3493.52,15.82,A
L0239,C0116,50000,5125.64,13.91,A
L0240,C0461,50000,11969.74,7.77,D
L0241,C0233,10000,8003.25,10.19,B
L0242,C0259,150000,68009.58,17.28,A
L0243,C0359,100000,88738.76,15.51,C
L0244,C0198,100000,41656.64,12.74,A
L0245,C0456,25000,16803.73,8.82,B
L0246,C0411,150000,48830.29,9.43,A
L0247,C0137,50000,19552.39,15.02,C
L0248,C0318,10000,2525.81,16.57,B
L0249,C0165,25000,9441.25,14.23,A
L0250,C0225,100000,53779.0,16.02,D
L0251,C0307,50000,44670.92,15.47,B
L0252,C0234,50000,31568.07,7.45,A
L0253,C0172,10000,2593.97,11.01,A
L0254,C0152,100000,13596.92,7.49,A
L0255,C0463,150000,30162.78,8.56,A
L0256,C0315,50000,27502.21,16.8,B
L0257,C0374,10000,7121.28,11.65,C
L0258,C0160,150000,127850.3,12.46,B
L0259,C0096,100000,11265.85,7.82,A
L0260,C0472,50000,25910.41,9.56,A
L0261,C0233,150000,71504.08,8.49,A
L0262,C0180,150000,93726.6,8.18,B
L0263,C0113,150000,82149.46,13.79,C
L0264,C0318,50000,32481.57,8.84,A
L0265,C0497,50000,31323.3,13.72,C
L0266,C0442,25000,4840.23,6.26,D
L0267,C0052,100000,73977.43,7.34,B
L0268,C0268,10000,1985.86,9.07,C
L0269,C0295,150000,98823.68,13.26,B
L0270,C0386,25000,10822.91,14.29,B
L0271,C0387,10000,5110.81,11.26,B
L0272,C0113,25000,20565.96,11.3,B
L0273,C0101,50000,40595.35,14.92,A
L0274,C0113,150000,113142.76,5.71,A
L0275,C0440,10000,5081.19,9.93,A
L0276,C0081,10000,6889.92,16.14,B
L0277,C0187,10000,5103.18,13.34,A
L0278,C0113,10000,7956.85,9.88,D
L0279,C0002,10000,4222.21,17.27,C
L0280,C0130,25000,21904.71,15.54,B
L0281,C0220,150000,126878.73,8.94,A
L0282,C0054,50000,34664.1,13.89,D
L0283,C0343,50000,16176.64,13.24,C
L0284,C0485,50000,10266.14,10.72,C
L0285,C0224,50000,39188.14,10.27,A
L0286,C0225,25000,5806.05,9.97,B
L0287,C0385,100000,78340.86,13.52,A
L0288,C0403,150000,73891.8,11.25,A
L0289,C0126,10000,4252.45,16.31,C
L0290,C0130,100000,82255.26,14.2,C
L0291,C0053,50000,29154.04,6.41,B
L0292,C0172,100000,56129.12,13.82,D
L0293,C0218,150000,82051.91,9.02,B
L0294,C0160,10000,3969.36,13.21,B
L0295,C0198,10000,7285.14,14.34,A
L0296,C0416,150000,45335.81,8.5,D
L0297,C0247,150000,127667.4,11.44,A
L0298,C0324,50000,40759.41,7.97,D
L0299,C0439,10000,3699.84,6.18,C
L0300,C0203,100000,68357.1,10.42,A
L0301,C0184,25000,13964.46,10.22,B
L0302,C0123,25000,9252.99,18.44,D
L0303,C0401,150000,133622.6,11.3,B
L0304,C0255,50000,6009.49,9.84,D
L0305,C0294,25000,7552.92,13.05,D
L0306,C0280,10000,5160.59,6.65,B
L0307,C0325,150000,77634.36,18.0,A
L0308,C0372,100000,57114.65,13.75,D
L0309,C0098,150000,105201.14,15.31,B
L0310,C0198,100000,59878.23,7.72,A
L0311,C0470,150000,87033.78,10.82,A
L0312,C0395,150000,21421.74,10.99,B
L0313,C0240,150000,60183.63,16.18,D
L0314,C0144,100000,28564.46,5.52,C
L0315,C0097,100000,31229.61,9.41,B
L0316,C0201,150000,81520.5,18.26,A
L0317,C0124,25000,6490.11,11.67,A
L0318,C0187,50000,16757.96,10.47,D
L0319,C0326,50000,14483.39,7.06,A
L0320,C0464,50000,42940.12,18.16,A
L0321,C0349,100000,85573.26,5.76,A
L0322,C0259,100000,58795.32,15.08,B
L0323,C0148,25000,20990.45,15.49,D
L0324,C0252,50000,36432.51,8.67,A
L0325,C0443,50000,28597.92,14.23,B
L0326,C0420,150000,15772.23,6.71,B
L0327,C0403,100000,71801.3,8.84,E
L0328,C0346,50000,33099.53,15.74,A
L0329,C0451,25000,14805.07,16.74,B
L0330,C0147,25000,17708.49,13.41,A
L0331,C0148,50000,25516.89,12.09,D
L0332,C0352,100000,66326.66,7.57,B
L0333,C0199,25000,21203.44,6.32,A
L0334,C0308,150000,60096.6,7.03,B
L0335,C0489,25000,16662.44,8.46,C
L0336,C0417,10000,4805.5,9.94,A
L0337,C0424,10000,6395.2,10.45,D
L0338,C0128,100000,71031.47,10.0,A
L0339,C0039,50000,6818.1,8.61,B
L0340,C0338,100000,61728.04,12.13,B
L0341,C0360,100000,28139.29,16.23,C
L0342,C0129,100000,63602.6,9.14,A
L0343,C0267,100000,47466.41,17.75,D
L0344,C0476,150000,107826.33,16.85,C
L0345,C0441,150000,29808.1,7.6,B
L0346,C0473,25000,15026.45,15.72,C
L0347,C0434,10000,3227.77,12.97,C
L0348,C0151,100000,78238.56,12.87,A
L0349,C0415,25000,21067.67,10.58,A
L0350,C0478,10000,8971.19,12.01,D
L0351,C0298,50000,36840.3,10.66,A
L0352,C0099,150000,105448.09,12.52,C
L0353,C0263,10000,2724.01,13.66,E
L0354,C0252,50000,18440.28,14.27,A
L0355,C0144,10000,4725.46,12.42,B
L0356,C0346,150000,107805.73,14.88,B
L0357,C0112,150000,124795.9,7.34,B
L0358,C0060,25000,6282.78,8.26,A
L0359,C0369,100000,83789.4,16.14,A
L0360,C0002,10000,6565.0,9.69,B
L0361,C0385,10000,5886.17,5.8,C
L0362,C0304,50000,12993.65,7.5,C
L0363,C0254,150000,21663.0,8.41,B
L0364,C0140,10000,5547.72,17.95,A
L0365,C0453,150000,93181.88,12.95,B
L0366,C0037,10000,2686.25,17.63,A
L0367,C0160,25000,13629.12,12.98,D
L0368,C0009,100000,78519.47,11.73,C
L0369,C0233,10000,7680.53,9.58,C
L0370,C0099,150000,126282.62,13.38,D
L0371,C0147,25000,9817.72,7.31,A
L0372,C0304,10000,3544.4,17.18,C
L0373,C0208,50000,34977.04,16.28,A
L0374,C0131,100000,44488.99,9.63,D
L0375,C0404,10000,1700.39,17.89,A
L0376,C0152,25000,8156.02,16.23,C
L0377,C0054,50000,21743.29,14.16,D
L0378,C0120,25000,8350.33,7.08,A
L0379,C0161,25000,9144.11,11.72,A
L0380,C0408,50000,16751.04,12.08,C
L0381,C0116,25000,3329.98,8.52,B
L0382,C0075,50000,30483.79,6.54,A
L0383,C0113,10000,5778.34,15.6,A
L0384,C0456,50000,31135.34,7.09,A
L0385,C0420,50000,12692.4,13.23,D
L0386,C0422,100000,33652.36,17.67,B
L0387,C0104,50000,29784.64,16.89,A
L0388,C0340,50000,28985.1,9.11,A
L0389,C0254,10000,5050.64,16.57,A
L0390,C0227,100000,38033.06,5.5,A
L0391,C0112,150000,124551.72,5.73,B
L0392,C0473,10000,3718.16,13.33,A
L0393,C0099,10000,4644.95,10.24,A
L0394,C0153,150000,96373.66,10.52,C
L0395,C0349,50000,26720.86,12.84,A
L0396,C0402,25000,9437.72,7.99,B
L0397,C0384,100000,44851.58,8.25,B
L0398,C0366,25000,18389.62,11.8,B
L0399,C0338,150000,48375.5,15.31,B
L0400,C0194,10000,2138.04,13.55,B
L0401,C0310,10000,3505.31,9.37,D
L0402,C0163,100000,77962.74,11.09,B
L0403,C0208,10000,1711.92,7.72,B
L0404,C0445,10000,8933.57,6.47,C
L0405,C0169,100000,53280.23,15.68,B
L0406,C0484,100000,88787.66,8.95,A
L0407,C0161,150000,127679.57,7.81,A
L0408,C0068,10000,4622.51,14.49,A
L0409,C0289,10000,2587.93,13.53,D
L0410,C0398,150000,34786.17,13.73,C
L0411,C0277,50000,14599.57,8.48,D
L0412,C0304,50000,33405.31,8.52,B
L0413,C0404,50000,15918.0,8.37,B
L0414,C0384,150000,55971.03,7.76,A
L0415,C0392,10000,4590.23,14.02,B
L0416,C0135,150000,124587.92,16.52,B
L0417,C0195,150000,37727.21,14.92,E
L0418,C0401,50000,5201.06,15.8,A
L0419,C0128,25000,3701.93,10.76,B
L0420,C0033,10000,8238.13,14.0,B
L0421,C0176,50000,30900.66,10.11,B
L0422,C0460,25000,7960.81,12.33,B
L0423,C0443,25000,6043.85,11.76,C
L0424,C0371,100000,33541.34,7.8,A
L0425,C0470,10000,1918.38,10.53,C
L0426,C0375,25000,21330.66,18.03,B
L0427,C0022,50000,36368.25,8.73,D
L0428,C0238,100000,46991.29,7.24,C
L0429,C0158,10000,7919.7,10.94,A
L0430,C0038,150000,44934.98,15.77,A
L0431,C0230,50000,33684.82,13.07,E
L0432,C0365,25000,19622.65,14.35,B
L0433,C0051,25000,9635.37,7.97,D
L0434,C0438,50000,35298.58,13.55,A
L0435,C0264,25000,8401.45,9.71,B
L0436,C0283,100000,33908.57,16.35,C
L0437,C0027,10000,1856.46,13.68,D
L0438,C0226,100000,45204.64,8.09,A
L0439,C0277,25000,17094.24,6.34,C
L0440,C0286,150000,127826.5,6.05,B
L0441,C0097,10000,5830.38,10.33,A
L0442,C0284,10000,7905.08,8.96,B
L0443,C0367,50000,37899.79,13.9,B
L0444,C0448,50000,11933.72,11.99,D
L0445,C0481,150000,73298.09,8.96,B
L0446,C0453,10000,1935.39,7.44,A
L0447,C0317,150000,96858.38,7.15,A
L0448,C0304,50000,42995.99,16.74,B
L0449,C0147,50000,10483.58,8.67,A
L0450,C0004,10000,6871.07,13.97,C
L0451,C0035,100000,60579.05,16.04,A
L0452,C0192,25000,14172.1,13.48,D
L0453,C0049,50000,20604.81,16.67,E
L0454,C0017,50000,19205.27,10.6,B
L0455,C0172,100000,13619.94,17.93,D
L0456,C0220,100000,27432.7,7.23,C
L0457,C0158,150000,16821.23,6.83,B
L0458,C0477,150000,84770.05,14.06,A
L0459,C0046,25000,4617.06,17.76,B
L0460,C0373,25000,19960.39,16.02,B
L0461,C0006,10000,5185.14,6.49,D
L0462,C0099,150000,98962.79,9.13,B
L0463,C0380,50000,21434.28,17.59,D
L0464,C0233,150000,82269.58,8.79,B
L0465,C0037,50000,42706.37,15.66,A
L0466,C0280,100000,16618.72,16.23,E
L0467,C0349,150000,45472.53,11.94,B
L0468,C0497,100000,72399.07,10.52,A
L0469,C0302,25000,4474.74,11.35,B
L0470,C0181,25000,4013.22,8.45,A
L0471,C0095,10000,3892.33,17.06,B
L0472,C0099,150000,26060.16,11.36,B
L0473,C0188,100000,56806.28,16.97,B
L0474,C0481,50000,14051.01,6.87,E
L0475,C0116,25000,20413.96,18.35,B
L0476,C0191,25000,18170.0,11.26,A
L0477,C0253,50000,32988.21,6.12,B
L0478,C0469,100000,59355.52,5.99,D
L0479,C0416,100000,79077.26,15.2,A
L0480,C0471,150000,41767.45,14.07,A
L0481,C0161,150000,119773.06,15.93,A
L0482,C0256,10000,7315.94,6.87,A
L0483,C0323,25000,17463.22,5.96,C
L0484,C0128,150000,82350.68,12.11,C
L0485,C0018,100000,29699.53,10.54,A
L0486,C0281,50000,21941.92,11.51,B
L0487,C0490,100000,73485.65,18.39,A
L0488,C0223,25000,3135.57,18.12,E
L0489,C0054,100000,72564.06,17.75,E
L0490,C0058,10000,2920.57,15.69,A
L0491,C0323,25000,5386.18,10.11,D
L0492,C0360,50000,9628.05,10.86,C
L0493,C0174,10000,1218.0,12.65,A
L0494,C0280,25000,12971.73,16.3,A
L0495,C0114,50000,13730.39,6.39,B
L0496,C0288,10000,8915.45,11.02,C
L0497,C0431,10000,5595.49,6.57,E
L0498,C0342,25000,5257.71,12.19,C
L0499,C0151,150000,97651.5,17.19,D
L0500,C0450,10000,8181.95,15.67,B
L0501,C0127,10000,6961.44,8.46,C
L0502,C0155,50000,8057.59,18.19,C
L0503,C0490,100000,81670.73,14.18,A
L0504,C0386,25000,18378.59,5.64,B
L0505,C0474,25000,5666.08,8.82,C
L0506,C0273,150000,21214.31,8.89,A
L0507,C0104,150000,81877.27,6.4,C
L0508,C0417,25000,5620.72,17.98,A
L0509,C0393,150000,115150.91,11.72,B
L0510,C0299,50000,19333.39,17.15,C
L0511,C0246,25000,20757.85,9.69,A
L0512,C0176,150000,82882.58,7.13,A
L0513,C0039,25000,6153.45,11.67,B
L0514,C0477,100000,21167.91,6.98,D
L0515,C0170,10000,5611.78,11.82,A
L0516,C0247,25000,17737.67,17.46,D
L0517,C0026,10000,7252.05,12.27,A
L0518,C0355,150000,48090.89,13.51,E
L0519,C0306,10000,2633.97,7.54,E
L0520,C0409,25000,2835.13,6.07,B
L0521,C0408,100000,64335.93,6.94,B
L0522,C0013,150000,24188.19,13.28,B
L0523,C0316,25000,10915.22,6.74,B
L0524,C0391,150000,87201.86,10.39,A
L0525,C0313,50000,42484.36,12.65,A
L0526,C0036,10000,3494.42,10.55,A
L0527,C0173,50000,14990.89,7.63,B
L0528,C0020,25000,15583.2,9.06,A
L0529,C0321,100000,59539.12,17.57,B
L0530,C0264,150000,54853.17,14.29,E
L0531,C0494,10000,8424.81,11.95,A
L0532,C0400,150000,116383.48,5.67,B
L0533,C0142,25000,6979.65,18.4,B
L0534,C0460,150000,43697.11,14.23,C
L0535,C0371,10000,5098.4,9.62,D
L0536,C0471,25000,17971.44,16.93,D
L0537,C0143,150000,20284.85,8.86,E
L0538,C0092,100000,65466.81,12.57,A
L0539,C0354,25000,15464.72,13.77,C
L0540,C0322,25000,7129.6,8.37,C
L0541,C0288,100000,64508.24,18.22,A
L0542,C0215,50000,42607.33,15.23,E
L0543,C0447,10000,1374.29,12.75,A
L0544,C0342,50000,17786.08,7.85,B
L0545,C0051,150000,67581.21,6.2,A
L0546,C0153,100000,81940.83,9.66,B
L0547,C0186,50000,43490.46,15.29,C
L0548,C0063,25000,11382.3,9.0,B
L0549,C0190,150000,105003.41,12.51,B
L0550,C0125,150000,78799.32,14.96,A
L0551,C0150,50000,26511.32,6.9,C
L0552,C0314,50000,16123.98,14.41,A
L0553,C0058,100000,27356.5,6.69,B
L0554,C0342,10000,3304.04,18.05,D
L0555,C0305,50000,27253.12,11.85,C
L0556,C0180,50000,6166.21,7.46,B
L0557,C0170,25000,20644.98,9.95,C
L0558,C0326,150000,33754.05,10.87,C
L0559,C0271,10000,2760.71,15.36,D
L0560,C0054,25000,12865.52,15.16,B
L0561,C0491,100000,66809.18,13.46,A
L0562,C0444,100000,17658.32,6.88,A
L0563,C0101,50000,17707.79,7.47,A
L0564,C0481,50000,43746.98,6.72,B
L0565,C0264,100000,30987.44,13.0,A
L0566,C0053,50000,17522.01,16.9,B
L0567,C0060,10000,7691.99,11.14,A
L0568,C0492,50000,7008.58,7.59,A
L0569,C0108,150000,70753.58,12.75,D
L0570,C0005,50000,20184.67,16.05,B
L0571,C0103,25000,8831.74,15.14,A
L0572,C0196,10000,3285.6,16.96,C
L0573,C0262,25000,4327.48,9.11,A
L0574,C0365,25000,8796.52,8.02,C
L0575,C0480,150000,20166.29,16.94,C
L0576,C0372,10000,7247.71,14.05,A
L0577,C0350,10000,4185.82,9.54,C
L0578,C0047,10000,4551.23,15.15,B
L0579,C0355,10000,8148.76,16.1,B
L0580,C0311,10000,6264.44,13.49,A
L0581,C0424,150000,15967.09,14.44,A
L0582,C0308,50000,42726.99,10.38,D
L0583,C0144,25000,7242.89,12.5,A
L0584,C0269,10000,1860.91,12.31,B
L0585,C0370,50000,35725.13,16.52,B
L0586,C0124,50000,25019.09,16.42,B
L0587,C0106,25000,11175.41,16.32,A
L0588,C0158,150000,44940.37,5.64,A
L0589,C0147,100000,53797.72,15.24,C
L0590,C0145,100000,31950.77,15.36,A
L0591,C0120,50000,41063.32,14.32,A
L0592,C0319,25000,6804.09,15.33,A
L0593,C0275,100000,80748.41,16.45,B
L0594,C0092,50000,27376.22,11.61,D
L0595,C0058,150000,114418.58,12.03,A
L0596,C0439,100000,67027.68,7.12,A
L0597,C0346,50000,32867.8,10.51,A
L0598,C0229,50000,17973.83,13.86,C
L0599,C0474,10000,2871.18,15.65,B
L0600,C0117,150000,40306.35,8.32,B
L0601,C0318,10000,7857.53,7.29,C
L0602,C0279,25000,18908.54,14.12,B
L0603,C0127,10000,4524.59,5.52,D
L0604,C0393,10000,2059.24,7.82,C
L0605,C0396,100000,40580.18,5.88,A
L0606,C0129,50000,29773.74,7.67,A
L0607,C0058,150000,69528.38,7.86,A
L0608,C0122,10000,7241.51,10.54,A
L0609,C0001,150000,134714.74,10.73,E
L0610,C0239,10000,2529.06,16.87,B
L0611,C0290,25000,11693.02,12.13,A
L0612,C0096,10000,4447.87,14.9,C
L0613,C0126,100000,34359.4,6.85,B
L0614,C0118,50000,12923.82,8.43,A
L0615,C0048,25000,3813.84,14.64,A
L0616,C0089,10000,8096.95,6.19,B
L0617,C0488,150000,65381.84,11.83,C
L0618,C0237,25000,12437.91,13.29,A
L0619,C0373,25000,20838.84,13.33,A
L0620,C0385,10000,7210.32,5.8,B
L0621,C0272,25000,5110.03,9.69,A
L0622,C0189,150000,82850.4,13.77,B
L0623,C0487,25000,11345.05,7.44,B
L0624,C0192,150000,110665.33,14.54,A
L0625,C0447,10000,6793.86,15.2,D
L0626,C0069,50000,32616.23,18.27,B
L0627,C0278,25000,9310.9,8.23,A
L0628,C0349,50000,37198.55,16.23,B
L0629,C0247,150000,21286.96,12.26,C
L0630,C0451,25000,5692.5,10.36,C
L0631,C0076,100000,36849.86,7.09,A
L0632,C0154,50000,8072.3,15.06,E
L0633,C0144,25000,7199.89,8.57,B
L0634,C0435,50000,38206.04,10.33,A
L0635,C0485,25000,21465.03,6.31,A
L0636,C0086,10000,3436.82,15.92,A
L0637,C0185,50000,15580.63,15.47,C
L0638,C0285,100000,32391.41,15.04,A
L0639,C0462,100000,32217.53,9.39,A
L0640,C0220,150000,19311.62,7.76,D
L0641,C0069,25000,21038.33,13.79,A
L0642,C0047,50000,13547.93,11.95,A
L0643,C0497,150000,65400.49,7.82,A
L0644,C0094,50000,5387.48,14.42,A
L0645,C0238,25000,19659.1,18.38,A
L0646,C0446,100000,68492.59,15.21,B
L0647,C0453,10000,8574.05,15.12,A
L0648,C0204,100000,72529.24,17.85,A
L0649,C0400,150000,52644.78,8.14,C
L0650,C0218,10000,2982.99,12.85,B
L0651,C0474,150000,98725.96,18.24,B
L0652,C0432,25000,9782.26,7.65,B
L0653,C0341,10000,5529.72,14.6,A
L0654,C0039,150000,15750.9,13.12,B
L0655,C0100,25000,3737.71,13.12,B
L0656,C0289,100000,52829.44,14.57,A
L0657,C0254,25000,13821.43,17.59,D
L0658,C0222,50000,35058.12,15.67,A
L0659,C0357,25000,5139.31,6.23,C
L0660,C0023,25000,12763.66,16.59,A
L0661,C0250,50000,12777.91,8.43,C
L0662,C0010,150000,26183.53,10.4,B
L0663,C0246,150000,64259.5,11.5,C
L0664,C0325,25000,5766.73,11.75,A
L0665,C0100,50000,13871.28,11.16,B
L0666,C0290,50000,17702.18,17.69,B
L0667,C0180,100000,30751.07,14.68,C
L0668,C0223,150000,25510.96,13.71,B
L0669,C0394,10000,1719.33,6.15,B
L0670,C0250,150000,38189.93,17.25,B
L0671,C0147,150000,21067.1,17.32,A
L0672,C0442,100000,60116.56,15.64,B
L0673,C0096,10000,3298.61,5.59,A
L0674,C0257,100000,32379.68,6.24,E
L0675,C0325,10000,3655.99,8.43,C
L0676,C0493,25000,15755.93,7.21,E
L0677,C0004,10000,7965.07,10.68,A
L0678,C0016,100000,70726.95,17.49,D
L0679,C0280,150000,102303.51,11.64,C
L0680,C0336,10000,4875.13,5.67,B
L0681,C0247,10000,6550.44,9.18,B
L0682,C0258,50000,27110.49,6.08,A
L0683,C0497,150000,40950.06,5.97,C
L0684,C0476,25000,6671.77,9.08,B
L0685,C0384,100000,33711.36,9.08,A
L0686,C0160,25000,20716.05,15.73,A
L0687,C0475,150000,80689.78,18.17,D
L0688,C0340,10000,6871.24,10.33,D
L0689,C0152,10000,3772.47,11.08,E
L0690,C0396,150000,63925.89,16.48,B
L0691,C0178,10000,2004.52,8.99,A
L0692,C0163,10000,2370.36,7.53,A
L0693,C0380,10000,7618.85,16.59,A
L0694,C0033,100000,56787.09,6.1,A
L0695,C0417,100000,37002.6,13.56,A
L0696,C0445,50000,37114.05,12.81,A
L0697,C0179,25000,7430.4,10.0,B
L0698,C0427,150000,132123.92,9.6,D
L0699,C0101,150000,56378.11,15.53,B
L0700,C0268,150000,55477.31,6.62,D
L0701,C0323,50000,17476.48,8.58,B
L0702,C0065,100000,19768.92,15.02,A
L0703,C0417,50000,9445.49,12.63,A
L0704,C0168,150000,92772.6,7.16,A
L0705,C0330,25000,20002.36,16.97,A
L0706,C0043,10000,7324.16,10.61,B
L0707,C0044,100000,21288.61,16.26,A
L0708,C0285,100000,53646.57,15.74,A
L0709,C0397,50000,9223.66,13.62,A
L0710,C0012,100000,13623.57,11.93,E
L0711,C0095,150000,93766.3,18.23,C
L0712,C0302,150000,79218.28,7.38,C
L0713,C0386,50000,8280.95,14.93,A
L0714,C0253,150000,19192.71,7.99,C
L0715,C0499,25000,22295.13,9.9,C
L0716,C0242,50000,6200.85,9.51,B
L0717,C0035,25000,11390.57,17.81,E
L0718,C0215,10000,5036.95,18.08,A
L0719,C0337,25000,4845.6,7.88,D
L0720,C0090,10000,2352.49,5.79,D
L0721,C0264,10000,3814.44,14.86,A
L0722,C0093,25000,17733.52,10.93,B
L0723,C0410,50000,25283.3,6.65,E
L0724,C0458,150000,91548.22,14.39,A
L0725,C0090,150000,133220.95,12.59,B
L0726,C0418,10000,7144.04,18.25,E
L0727,C0115,10000,4474.89,8.46,B
L0728,C0105,50000,22857.68,10.75,A
L0729,C0391,100000,59501.77,12.55,B
L0730,C0196,25000,15807.3,15.79,A
L0731,C0314,10000,5005.69,12.63,B
L0732,C0114,150000,92383.35,13.47,A
L0733,C0493,50000,5941.3,8.44,B
L0734,C0075,25000,11092.46,16.51,B
L0735,C0413,50000,16157.52,11.07,C
L0736,C0376,25000,5083.49,7.33,B
L0737,C0420,25000,4490.93,14.13,B
L0738,C0217,10000,5825.54,8.31,B
L0739,C0277,50000,25944.02,6.77,A
L0740,C0249,50000,15143.36,16.71,B
L0741,C0164,150000,71514.01,11.48,A
L0742,C0394,150000,74067.88,15.24,D
L0743,C0357,10000,2560.07,9.28,A
L0744,C0457,10000,6216.74,15.73,B
L0745,C0408,100000,72473.55,6.96,B
L0746,C0192,150000,109975.62,10.13,B
L0747,C0227,25000,14549.4,18.21,A
L0748,C0177,50000,25465.54,15.82,B
L0749,C0099,10000,1488.06,11.96,B
L0750,C0496,50000,16513.25,9.92,C
L0751,C0036,50000,8730.86,16.84,A
L0752,C0466,100000,87105.85,12.58,B
L0753,C0497,150000,31209.62,15.36,B
L0754,C0487,10000,2214.2,15.3,B
L0755,C0096,50000,40583.06,5.73,B
L0756,C0152,10000,8551.43,7.14,B
L0757,C0151,25000,17816.58,14.08,A
L0758,C0190,100000,10432.39,7.6,A
L0759,C0224,25000,2526.93,8.82,A
L0760,C0037,10000,4024.81,17.81,A
L0761,C0268,10000,2147.16,12.78,B
L0762,C0369,150000,17206.34,15.26,B
L0763,C0183,50000,23562.67,12.75,A
L0764,C0013,50000,42722.48,12.68,D
L0765,C0279,25000,8976.39,6.72,A
L0766,C0217,100000,62891.25,9.97,C
L0767,C0355,50000,31089.41,9.17,B
L0768,C0361,150000,45129.61,10.58,A
L0769,C0286,25000,15508.5,15.88,A
L0770,C0273,25000,6746.68,10.34,B
L0771,C0369,150000,29640.89,11.37,A
L0772,C0062,100000,66110.66,10.67,D
L0773,C0084,150000,28612.9,6.71,B
L0774,C0368,100000,89752.74,11.23,D
L0775,C0217,150000,37014.29,8.04,A
L0776,C0342,150000,86297.02,7.93,C
L0777,C0397,10000,4291.0,6.72,B
L0778,C0187,25000,5027.73,10.14,C
L0779,C0019,150000,18341.27,15.35,A
L0780,C0177,150000,89727.87,9.09,B
L0781,C0100,50000,37270.3,9.56,B
L0782,C0396,25000,19340.31,13.85,C
L0783,C0445,50000,24308.54,8.05,A
L0784,C0233,25000,18049.11,17.16,D
L0785,C0403,50000,31913.89,12.26,A
L0786,C0076,150000,101910.54,11.32,C
L0787,C0265,150000,74111.88,12.75,D
L0788,C0455,10000,6067.29,7.66,C
L0789,C0284,50000,37221.04,13.48,B
L0790,C0206,100000,41830.73,10.22,B
L0791,C0223,10000,7447.83,17.16,E
L0792,C0384,50000,28680.67,7.7,A
L0793,C0052,50000,11636.04,12.09,B
L0794,C0339,10000,1197.47,13.28,B
L0795,C0367,150000,58530.43,5.93,C
L0796,C0144,50000,26867.85,10.23,A
L0797,C0373,150000,115778.44,15.02,B
L0798,C0069,10000,2019.89,16.16,C
L0799,C0099,150000,111024.76,9.57,A
L0800,C0396,25000,19760.18,15.88,D
L0801,C0025,100000,22055.0,18.08,A
L0802,C0436,50000,39063.77,16.64,A
L0803,C0379,100000,89316.29,7.03,A
L0804,C0469,150000,102220.66,15.12,A
L0805,C0484,50000,36390.79,9.66,D
L0806,C0053,150000,134329.83,18.35,A
L0807,C0151,25000,14609.63,11.81,B
L0808,C0144,10000,3463.09,7.09,A
L0809,C0057,50000,38501.23,14.93,B
L0810,C0039,25000,14789.72,9.7,B
L0811,C0109,25000,14123.91,18.46,A
L0812,C0181,50000,15145.42,18.24,A
L0813,C0042,150000,105760.11,14.03,D
L0814,C0186,25000,4133.35,7.19,A
L0815,C0423,100000,83942.97,14.43,B
L0816,C0398,25000,9016.47,6.71,A
L0817,C0223,150000,30332.96,5.88,C
L0818,C0122,150000,68083.98,16.2,A
L0819,C0133,100000,13397.59,8.23,B
L0820,C0163,25000,16192.52,10.43,A
L0821,C0215,150000,123324.66,18.15,E
L0822,C0221,50000,38490.52,9.88,A
L0823,C0235,10000,2018.96,9.35,C
L0824,C0331,10000,2010.17,17.44,B
L0825,C0146,10000,7507.48,6.94,A
L0826,C0239,25000,20985.09,15.37,C
L0827,C0076,100000,46853.59,18.34,A
L0828,C0009,150000,74876.53,17.22,D
L0829,C0074,50000,17730.48,13.97,D
L0830,C0442,50000,40770.6,9.58,D
L0831,C0492,25000,15398.06,8.81,A
L0832,C0401,10000,3306.01,16.15,C
L0833,C0253,25000,8475.66,16.94,B
L0834,C0230,100000,81296.01,12.33,D
L0835,C0007,100000,11090.72,8.68,B
L0836,C0174,150000,53727.19,6.97,C
L0837,C0141,150000,81522.8,6.63,B
L0838,C0168,100000,21857.4,14.85,B
L0839,C0170,100000,17367.9,10.96,A
L0840,C0393,100000,75222.11,17.27,C
L0841,C0434,25000,20388.09,15.12,B
L0842,C0283,100000,75888.51,7.99,B
L0843,C0122,50000,40951.52,13.48,C
L0844,C0194,10000,5424.9,11.16,B
L0845,C0005,100000,74980.65,13.0,A
L0846,C0029,10000,4072.34,15.09,B
L0847,C0165,25000,15825.36,15.98,B
L0848,C0422,10000,8910.68,16.47,B
L0849,C0339,25000,7014.55,8.8,A
L0850,C0136,50000,20595.99,5.9,A
L0851,C0496,25000,12100.95,15.11,A
L0852,C0365,25000,5260.31,6.88,C
L0853,C0321,150000,24724.63,9.59,A
L0854,C0342,100000,76377.83,5.55,B
L0855,C0145,100000,88143.55,14.36,D
L0856,C0327,50000,21189.0,7.67,A
L0857,C0217,50000,8505.99,14.02,B
L0858,C0301,100000,15264.94,18.39,C
L0859,C0132,150000,121958.18,6.44,D
L0860,C0292,100000,47105.14,6.5,C
L0861,C0070,150000,53403.28,9.92,C
L0862,C0252,50000,24058.45,16.76,C
L0863,C0415,10000,3546.43,8.3,B
L0864,C0275,50000,24561.43,10.18,C
L0865,C0445,50000,39382.26,6.39,A
L0866,C0364,25000,14346.03,15.42,D
L0867,C0182,25000,16393.08,10.81,B
L0868,C0167,25000,9793.41,15.37,B
L0869,C0091,25000,17270.12,17.25,A
L0870,C0202,150000,94994.05,8.53,C
L0871,C0346,100000,19564.96,16.0,A
L0872,C0019,10000,5581.14,6.27,D
L0873,C0039,50000,15269.74,17.19,C
L0874,C0126,150000,111491.48,13.96,A
L0875,C0451,10000,4407.5,16.86,C
L0876,C0173,150000,134362.1,5.5,C
L0877,C0141,150000,26100.05,7.7,B
L0878,C0242,50000,36213.91,10.57,A
L0879,C0220,100000,63896.14,10.43,A
L0880,C0126,25000,17849.98,8.45,A
L0881,C0058,100000,34602.38,10.46,A
L0882,C0148,50000,24682.18,7.18,D
L0883,C0476,50000,36860.34,10.87,A
L0884,C0456,50000,14301.65,15.93,C
L0885,C0317,10000,2808.27,11.73,A
L0886,C0383,100000,54084.08,5.73,B
L0887,C0361,100000,51885.09,10.98,C
L0888,C0423,150000,48871.5,5.85,D
L0889,C0001,150000,50769.08,18.06,A
L0890,C0387,150000,48341.42,7.16,B
L0891,C0461,50000,35860.48,14.7,B
L0892,C0348,100000,62152.07,18.15,A
L0893,C0190,50000,38296.69,16.24,A
L0894,C0191,10000,8803.78,14.59,B
L0895,C0369,150000,71899.72,16.41,B
L0896,C0409,50000,7667.76,18.26,C
L0897,C0312,50000,6923.69,13.58,A
L0898,C0417,10000,3365.32,12.77,B
L0899,C0422,25000,21150.89,13.67,B
L0900,C0117,100000,51857.04,12.42,C
L0901,C0134,25000,7935.73,13.76,D
L0902,C0058,150000,62900.02,11.35,B
L0903,C0044,50000,28943.8,8.34,C
L0904,C0173,10000,6223.6,7.06,A
L0905,C0160,10000,2231.36,6.39,B
L0906,C0173,100000,88162.53,8.92,A
L0907,C0317,25000,13395.44,6.1,B
L0908,C0303,100000,20855.07,12.87,C
L0909,C0149,50000,40745.41,9.19,D
L0910,C0080,100000,15971.07,16.22,A
L0911,C0374,10000,8261.88,6.47,B
L0912,C0213,10000,8972.53,8.44,B
L0913,C0203,150000,99051.82,14.99,A
L0914,C0252,150000,107453.67,13.28,A
L0915,C0229,50000,18492.11,6.34,A
L0916,C0164,25000,21331.54,16.9,A
L0917,C0227,100000,52377.12,16.9,A
L0918,C0147,50000,34295.54,9.8,A
L0919,C0020,150000,125892.93,9.93,A
L0920,C0441,100000,88014.4,18.36,C
L0921,C0402,150000,114984.52,13.64,B
L0922,C0047,100000,34241.4,12.41,E
L0923,C0233,25000,21830.95,16.4,B
L0924,C0305,50000,30124.78,9.21,C
L0925,C0014,100000,84451.4,11.08,D
L0926,C0143,10000,6408.84,8.98,B
L0927,C0415,10000,3457.91,15.76,B
L0928,C0001,100000,39601.96,12.95,C
L0929,C0373,100000,54037.74,14.06,A
L0930,C0054,100000,73201.19,8.78,A
L0931,C0374,10000,3543.86,8.36,B
L0932,C0259,10000,5637.85,11.85,B
L0933,C0144,100000,37650.0,15.09,A
L0934,C0471,150000,112892.33,12.33,D
L0935,C0441,150000,71007.37,5.92,B
L0936,C0459,25000,4034.46,16.79,B
L0937,C0012,50000,11642.1,6.34,D
L0938,C0330,150000,22332.56,17.93,B
L0939,C0224,10000,4994.42,5.83,E
L0940,C0272,150000,27760.48,14.53,B
L0941,C0456,25000,4782.8,6.57,A
L0942,C0358,25000,21320.97,17.34,C
L0943,C0460,50000,39906.2,11.54,B
L0944,C0408,150000,69250.39,7.29,C
L0945,C0156,10000,8886.44,9.93,E
L0946,C0373,10000,1001.49,7.64,C
L0947,C0008,100000,59118.36,7.72,B
L0948,C0122,10000,5931.43,17.83,D
L0949,C0348,50000,23297.72,11.29,B
L0950,C0164,50000,20877.92,15.75,B
L0951,C0090,10000,4643.07,13.81,D
L0952,C0136,10000,4319.68,14.29,A
L0953,C0186,100000,68439.4,7.21,C
L0954,C0316,10000,2082.84,8.54,D
L0955,C0178,100000,25811.14,15.73,C
L0956,C0028,100000,24441.46,18.12,B
L0957,C0220,10000,3099.76,8.91,C
L0958,C0357,25000,13005.17,9.03,B
L0959,C0041,25000,4724.17,11.65,D
L0960,C0228,100000,79453.54,18.29,A
L0961,C0192,10000,3378.89,9.0,A
L0962,C0411,25000,5750.76,10.79,A
L0963,C0447,10000,6404.97,17.09,B
L0964,C0145,10000,1304.69,5.54,B
L0965,C0201,10000,5959.75,6.02,C
L0966,C0417,150000,98783.81,13.35,B
L0967,C0212,10000,2719.33,17.3,B
L0968,C0461,150000,20035.69,8.61,A
L0969,C0220,100000,39091.63,11.61,B
L0970,C0240,25000,4471.88,11.36,B
L0971,C0413,25000,4829.56,11.65,A
L0972,C0397,25000,7585.22,13.59,A
L0973,C0046,25000,8409.36,11.61,A
L0974,C0035,25000,13099.41,11.32,A
L0975,C0253,25000,16067.84,11.67,B
L0976,C0390,25000,14355.42,13.18,A
L0977,C0082,100000,21868.83,12.48,C
L0978,C0371,10000,2376.69,16.6,C
L0979,C0256,50000,40150.77,6.14,B
L0980,C0197,150000,82002.28,16.33,E
L0981,C0303,50000,39797.51,16.47,B
L0982,C0409,50000,19861.86,9.2,B
L0983,C0450,10000,5915.2,11.52,E
L0984,C0010,10000,5189.31,11.2,A
L0985,C0312,10000,3552.99,8.34,D
L0986,C0286,25000,11898.31,10.66,A
L0987,C0242,100000,50199.27,6.08,B
L0988,C0251,25000,6515.42,9.11,A
L0989,C0365,100000,35200.83,16.12,C
L0990,C0005,100000,73312.78,9.2,B
L0991,C0119,50000,41631.53,16.14,C
L0992,C0289,50000,19391.76,12.41,A
L0993,C0374,100000,34557.78,16.94,A
L0994,C0065,100000,25615.77,12.97,A
L0995,C0146,25000,16069.82,5.89,A
L0996,C0224,25000,8961.99,14.28,D
L0997,C0239,50000,44509.98,6.08,A
L0998,C0177,10000,3605.48,11.36,C
L0999,C0267,100000,41530.88,17.58,C
L1000,C0341,25000,14566.68,7.65,A
