delinquency_bucket,risk_grade,total_loans,total_disbursed_amount,total_outstanding_balance,avg_interest_rate,portfolio_exposure_pct
Default (90+ Days DPD),A,4,95000,34738.19,12.3,0.11
Current (0 Days),D,21,1015000,541694.73,11.96,1.65
30 Days DPD,C,32,1970000,1002154.63,11.95,3.06
90 Days DPD,E,8,535000,283648.86,11.74,0.87
60 Days DPD,B,18,1200000,696973.01,12.44,2.13
Current (0 Days),C,81,5395000,2429136.13,11.79,7.42
30 Days DPD,D,17,1120000,657653.5,12.76,2.01
60 Days DPD,C,30,1955000,873073.25,12.35,2.67
90 Days DPD,A,8,595000,316503.34,12.24,0.97
60 Days DPD,D,30,1725000,907775.67,12.97,2.77
90 Days DPD,B,17,1310000,696223.8,11.71,2.13
Default (90+ Days DPD),E,3,350000,126909.99,16.3,0.39
Current (0 Days),E,1,25000,3886.57,8.8,0.01
60 Days DPD,E,20,840000,468551.85,13.09,1.43
Default (90+ Days DPD),D,18,1395000,705735.19,10.53,2.15
30 Days DPD,A,19,1290000,734504.46,11.75,2.24
30 Days DPD,B,31,1860000,835434.91,11.63,2.55
Default (90+ Days DPD),C,10,720000,397110.8,11.43,1.21
Current (0 Days),A,324,21160000,10881354.08,11.96,33.22
Default (90+ Days DPD),B,14,1055000,554277.11,13.63,1.69
30 Days DPD,E,12,740000,302836.85,10.44,0.92
Current (0 Days),B,233,15255000,7616661.62,11.61,23.26
60 Days DPD,A,10,845000,461101.81,11.26,1.41
90 Days DPD,C,17,1345000,423958.27,10.48,1.29
90 Days DPD,D,22,1540000,800667.57,11.17,2.44
